Capacidade_W,Capacidade_V,N_Itens,Algoritmo,Tempo_Medio,Tempo_Std,Valor_Medio,Valor_Std,Tempos_10_Execucoes,Valores_10_Execucoes
30,40,10,Dinamico,0.0056903,0.0009634,548,0.0,"[0.0057141780853271484, 0.0051839351654052734, 0.004475593566894531, 0.004342079162597656, 0.006082296371459961, 0.007070302963256836, 0.004747629165649414, 0.006142854690551758, 0.006791353225708008, 0.006352663040161133]","[548, 548, 548, 548, 548, 548, 548, 548, 548, 548]"
30,40,10,Backtracking,0.0014746,0.0001876,548,0.0,"[0.0014102458953857422, 0.001155853271484375, 0.0019085407257080078, 0.0014615058898925781, 0.0015807151794433594, 0.0014083385467529297, 0.0014269351959228516, 0.0015034675598144531, 0.0014138221740722656, 0.0014765262603759766]","[548, 548, 548, 548, 548, 548, 548, 548, 548, 548]"
